Rank,Sentence,Log Probability,Normalized Score,Word Count
1,I bit off more than I could chew.,-16.4908,-2.0614,8
2,She hit the nail on the head.,-15.5889,-2.2270,7
3,They let the cat out of the bag.,-20.1599,-2.5200,8
4,I wrote a letter to my friend.,-23.7700,-3.3957,7
5,The dolphin jumped out of the water.,-24.5677,-3.5097,7
6,I listened to music on my phone.,-24.7635,-3.5376,7
7,The sun rises in the east.,-21.5138,-3.5856,6
8,The children played in the park.,-22.3637,-3.7273,6
9,He lost his mind.,-15.5017,-3.8754,4
10,Rain falls from the clouds.,-19.8378,-3.9676,5
11,She read a book before bed.,-24.0512,-4.0085,6
12,He put the mountain in his pocket.,-28.7252,-4.1036,7
13,They walked along the beach.,-20.5218,-4.1044,5
14,The doctor examined the patient.,-21.0119,-4.2024,5
15,She cooked dinner for the family.,-25.4148,-4.2358,6
16,She answered the phone quickly.,-21.2207,-4.2441,5
17,The baby cried for her mother.,-26.0420,-4.3403,6
18,The students took notes in class.,-26.0807,-4.3468,6
19,The eagle soared through the sky.,-26.1108,-4.3518,6
20,I caught her eye across the room.,-30.6825,-4.3832,7
21,Yesterday will happen tomorrow.,-17.6259,-4.4065,4
22,She saw the smell of roses.,-26.4557,-4.4093,6
23,He drinks coffee every morning.,-22.2642,-4.4528,5
24,She ate breakfast this morning.,-22.2770,-4.4554,5
25,The cat sat on the mat.,-27.0150,-4.5025,6
26,They discussed the economic situation.,-22.6169,-4.5234,5
27,I bought groceries at the store.,-27.1435,-4.5239,6
28,He kicked the bucket.,-18.2107,-4.5527,4
29,I spilled the beans about the surprise.,-31.9837,-4.5691,7
30,The fish swam in the ocean.,-27.5976,-4.5996,6
31,She planted seeds in the garden.,-27.6460,-4.6077,6
32,She broke his heart.,-18.4579,-4.6145,4
33,He touched the sound of thunder.,-27.6921,-4.6153,6
34,The horse galloped across the field.,-28.0353,-4.6725,6
35,He cleaned the kitchen after dinner.,-28.0590,-4.6765,6
36,Birds fly in the sky.,-23.5567,-4.7113,5
37,He painted the living room walls.,-28.4162,-4.7360,6
38,They analyzed the historical data.,-23.7698,-4.7540,5
39,I heard the taste of chocolate.,-28.6429,-4.7738,6
40,They saw the loudness of the concert.,-33.4660,-4.7809,7
41,She tasted the sound of music.,-28.9525,-4.8254,6
42,They stored the bridge in a drawer.,-33.8143,-4.8306,7
43,She jumped the gun.,-19.5498,-4.8874,4
44,Time flies when you're having fun.,-29.3396,-4.8899,6
45,She tasted the brightness of light.,-29.4132,-4.9022,6
46,The bear hibernated in the cave.,-29.6148,-4.9358,6
47,I hid the stadium under my bed.,-34.5567,-4.9367,7
48,The turtle moved slowly across the sand.,-34.8046,-4.9721,7
49,The future occurred in the past.,-29.9740,-4.9957,6
50,He diagnosed the medical condition.,-25.0238,-5.0048,5
51,She threw away the opportunity.,-25.1069,-5.0214,5
52,The teacher explained the lesson.,-25.1390,-5.0278,5
53,He drove to work yesterday.,-25.2131,-5.0426,5
54,She packed the desert in a box.,-35.6460,-5.0923,7
55,He listened to the color red.,-30.7390,-5.1232,6
56,Tomorrow happened yesterday.,-15.4520,-5.1507,3
57,She memorized the entire poem.,-25.7795,-5.1559,5
58,He fixed the broken computer.,-25.8370,-5.1674,5
59,She solved the mathematical equation.,-26.0279,-5.2056,5
60,The architect designed the building.,-26.0334,-5.2067,5
61,The dog barked at the mailman.,-31.3215,-5.2202,6
62,I listened to the temperature.,-26.1470,-5.2294,5
63,The lion roared in the jungle.,-31.5641,-5.2607,6
64,The chef prepared an elaborate meal.,-31.7336,-5.2889,6
65,They buried the hatchet.,-21.3227,-5.3307,4
66,The artist painted a beautiful landscape.,-32.0026,-5.3338,6
67,They killed time at the cafe.,-32.0910,-5.3485,6
68,She translated the ancient text.,-27.0547,-5.4109,5
69,The snake slithered under the rock.,-32.6192,-5.4365,6
70,I smelled the texture of silk.,-32.7164,-5.4527,6
71,He remembered things that haven't happened.,-32.7605,-5.4601,6
72,The scientist conducted an important experiment.,-32.8170,-5.4695,6
73,The butterfly landed on the flower.,-32.8550,-5.4758,6
74,They felt the color blue.,-27.5208,-5.5042,5
75,He pulled her leg.,-22.1878,-5.5469,4
76,The concept walked down the street.,-33.2892,-5.5482,6
77,The flowers bloomed in spring.,-28.0325,-5.6065,5
78,He ate the table.,-22.4448,-5.6112,4
79,They smelled the feeling of joy.,-33.6999,-5.6166,6
80,He threw the moon.,-22.5103,-5.6276,4
81,Love drank some water.,-22.5245,-5.6311,4
82,He burned his bridges.,-22.5583,-5.6396,4
83,Fear painted the house.,-22.6894,-5.6723,4
84,He heard the softness of cotton.,-34.1124,-5.6854,6
85,I foresaw the past.,-22.8148,-5.7037,4
86,He tasted the darkness.,-22.8585,-5.7146,4
87,The light dimmed the darkness.,-28.6861,-5.7372,5
88,The rabbit hopped through the grass.,-34.4447,-5.7408,6
89,She saw the aroma.,-23.2789,-5.8197,4
90,The food ate the person.,-29.2601,-5.8520,5
91,She recalled the future.,-23.4549,-5.8637,4
92,They negotiated the business contract.,-29.3705,-5.8741,5
93,They ate the building.,-23.5477,-5.8869,4
94,The bee pollinated the flowers.,-29.5078,-5.9016,5
95,I heard the flavor.,-23.6345,-5.9086,4
96,The cold heated the stove.,-29.6215,-5.9243,5
97,He repaired the antique clock.,-29.6367,-5.9273,5
98,Freedom kicked the door.,-23.9631,-5.9908,4
99,She read the mountain.,-24.2069,-6.0517,4
100,The car drove the man.,-30.3363,-6.0673,5
101,She swallowed the sun.,-24.2883,-6.0721,4
102,Truth drove a car.,-24.3041,-6.0760,4
103,The silence made loud noises.,-30.5672,-6.1134,5
104,The spider spun a web.,-30.5765,-6.1153,5
105,They caught the galaxy.,-24.6588,-6.1647,4
106,He carried the planet.,-24.6746,-6.1686,4
107,The ice melted the fire.,-30.9304,-6.1861,5
108,He felt the melody.,-24.7587,-6.1897,4
109,They cooked the stone.,-24.7704,-6.1926,4
110,I drank the ocean.,-24.8075,-6.2019,4
111,They tasted the shadow.,-24.8125,-6.2031,4
112,The emptiness filled the container.,-31.1350,-6.2270,5
113,He broke the freedom.,-24.9102,-6.2276,4
114,I opened the concept.,-24.9124,-6.2281,4
115,The medicine cured the doctor.,-31.2021,-6.2404,5
116,She smelled the silence.,-24.9832,-6.2458,4
117,She lifted the entire city.,-31.3165,-6.2633,5
118,She forgot events that will occur.,-37.7140,-6.2857,6
119,He constructed a wooden birdhouse.,-31.7553,-6.3511,5
120,Justice threw a ball.,-25.4321,-6.3580,4
121,She pushed the mountain range.,-31.8197,-6.3639,5
122,She closed the theory.,-25.5651,-6.3913,4
123,I wore the water.,-25.5943,-6.3986,4
124,The movie watched the audience.,-31.9976,-6.3995,5
125,He pulled the entire forest.,-32.1391,-6.4278,5
126,They sold the anger.,-26.0755,-6.5189,4
127,The wall gave John the button.,-39.1604,-6.5267,6
128,The story wrote the author.,-32.6489,-6.5298,5
129,He anticipated the history.,-26.2252,-6.5563,4
130,She drank the chair.,-26.2616,-6.5654,4
131,They touched the echo.,-26.2979,-6.5745,4
132,The musician composed a symphony.,-33.2611,-6.6522,5
133,Courage swam in the pool.,-33.3317,-6.6663,5
134,I squeezed the earth.,-26.7174,-6.6794,4
135,Beauty wore a hat.,-26.7686,-6.6921,4
136,The water burned the match.,-33.5107,-6.7021,5
137,The frog croaked by the pond.,-40.2873,-6.7146,6
138,The question answered the student.,-33.7778,-6.7556,5
139,Anger built a bridge.,-27.0331,-6.7583,4
140,I smelled the rhythm.,-27.0647,-6.7662,4
141,They debated philosophical questions.,-27.3114,-6.8278,4
142,The dance danced the dancers.,-34.1678,-6.8336,5
143,He wrote the cloud.,-27.3414,-6.8353,4
144,I pocketed the universe.,-27.4033,-6.8508,4
145,The lesson taught the teacher.,-34.6627,-6.9325,5
146,The idea ate the computer.,-34.7183,-6.9437,5
147,I compressed the river.,-27.8262,-6.9566,4
148,They folded the continent.,-27.8979,-6.9745,4
149,I threw the wisdom.,-27.8987,-6.9747,4
150,The table ran quickly.,-27.9715,-6.9929,4
151,The poem wrote the poet.,-35.0964,-7.0193,5
152,She washed the thought.,-28.1306,-7.0326,4
153,They carried the mathematics.,-28.1365,-7.0341,4
154,Hope cooked dinner.,-21.1861,-7.0620,3
155,They prophesied ancient times.,-28.2949,-7.0737,4
156,I cleaned the idea.,-28.3198,-7.0800,4
157,The painting painted the artist.,-35.6395,-7.1279,5
158,The song sang the singer.,-35.7133,-7.1427,5
159,He bought the sadness.,-28.7247,-7.1812,4
160,The book read the student.,-35.9243,-7.1849,5
161,They sang the building.,-28.7623,-7.1906,4
162,The owl hooted at night.,-35.9806,-7.1961,5
163,The picture drew the photographer.,-36.1073,-7.2215,5
164,Kindness walked the dog.,-28.8958,-7.2240,4
165,They shrank the volcano.,-28.9099,-7.2275,4
166,The rock cried loudly.,-28.9363,-7.2341,4
167,The clock laughed heartily.,-28.9538,-7.2384,4
168,The symphony conducted the conductor.,-36.3204,-7.2641,5
169,He lifted the philosophy.,-29.3507,-7.3377,4
170,The sickness healed the medicine.,-36.9175,-7.3835,5
171,The knife smiled warmly.,-29.6387,-7.4097,4
172,Sadness ran a marathon.,-29.8558,-7.4640,4
173,The house built the carpenter.,-37.3346,-7.4669,5
174,She wore the skyscraper.,-29.9414,-7.4853,4
175,The meal cooked the chef.,-37.4296,-7.4859,5
176,They predicted yesterday.,-22.5262,-7.5087,3
177,He mailed the castle.,-30.2942,-7.5736,4
178,I painted the democracy.,-30.3521,-7.5880,4
179,The softness hardened the rock.,-38.0998,-7.6200,5
180,They fixed the justice.,-30.5122,-7.6281,4
181,Time travelers journey through centuries.,-38.1674,-7.6335,5
182,The theory drove to happiness.,-38.2486,-7.6497,5
183,Joy lifted weights.,-23.0428,-7.6809,3
184,Superheroes save cities in comics.,-38.4519,-7.6904,5
185,She drove the happiness.,-30.7811,-7.6953,4
186,Mermaids swim in fairy tales.,-38.6695,-7.7339,5
187,The ignorance educated the teacher.,-38.7695,-7.7539,5
188,The weakness strengthened the steel.,-39.0355,-7.8071,5
189,The painting screamed loudly.,-31.4403,-7.8601,4
190,The stone thought deeply.,-31.7655,-7.9414,4
191,The experiment performed the scientist.,-39.7158,-7.9432,5
192,The squirrel gathered nuts for winter.,-47.7278,-7.9546,6
193,The wall remembered clearly.,-31.9113,-7.9778,4
194,Dragons breathe fire in legends.,-40.2496,-8.0499,5
195,The mirror cried sadly.,-32.4018,-8.1004,4
196,The sculpture carved the sculptor.,-40.5409,-8.1082,5
197,Wisdom climbed the mountain.,-32.5258,-8.1314,4
198,The play acted the performers.,-40.6918,-8.1384,5
199,Democracy punched the wall.,-33.0347,-8.2587,4
200,The vase sang beautifully.,-33.5918,-8.3980,4
201,The book worried constantly.,-33.9969,-8.4992,4
202,The floor forgot easily.,-34.2597,-8.5649,4
203,The statue danced gracefully.,-34.3363,-8.5841,4
204,Ghosts haunt old castles supposedly.,-42.9806,-8.5961,5
205,Wizards cast spells in novels.,-43.0310,-8.6062,5
206,The pen feared greatly.,-34.6099,-8.6525,4
207,Aliens visit earth in stories.,-43.6142,-8.7228,5
208,Knowledge rode a bicycle.,-35.0358,-8.7589,4
209,The chair dreamed vividly.,-35.3105,-8.8276,4
210,The philosopher stone exists nowhere.,-44.1870,-8.8374,5
211,The carpet hated intensely.,-36.0001,-9.0000,4
212,The door desired strongly.,-36.2155,-9.0539,4
213,The ceiling loved deeply.,-36.7333,-9.1833,4
214,The window believed firmly.,-37.0074,-9.2519,4
215,Unicorns inhabit mythical forests.,-38.4758,-9.6189,4
216,The curtain wished silently.,-39.6021,-9.9005,4
217,Patience drank coffee.,-30.3321,-10.1107,3
218,Honesty ate breakfast.,-30.6249,-10.2083,3
219,Sleep ideas green colorless furiously.,-51.6451,-10.3290,5
220,Colorless green ideas sleep furiously.,-52.5968,-10.5194,5
221,The lamp hoped sincerely.,-42.5634,-10.6408,4
222,Vampires avoid sunlight traditionally.,-45.0748,-11.2687,4
223,Ideas colorless green furiously sleep.,-56.7752,-11.3550,5
224,Green sleep furiously ideas colorless.,-59.4474,-11.8895,5
225,The gostak distims the doshes.,-66.9669,-13.3934,5
226,Furiously sleep ideas green colorless.,-67.1292,-13.4258,5
